{
    "long_train_h1": {
        "dist_ema_200": {
            "mean": 0.0004297032987725035,
            "std": 0.0063589919767606815
        },
        "atr": {
            "mean": 0.0015032932382932386,
            "std": 0.0006818210918161714
        },
        "bb_width": {
            "mean": 0.006112600729202343,
            "std": 0.004673105950469924
        },
        "rsi": {
            "mean": 49.500937239712925,
            "std": 17.71770510238508
        },
        "adx": {
            "mean": 46.606448324026914,
            "std": 20.859362282871498
        },
        "roc": {
            "mean": -0.003096766102048133,
            "std": 0.35883939337632603
        },
        "slope": {
            "mean": -2.048130786754818e-06,
            "std": 0.00023490466281146164
        },
        "channel_pos": {
            "mean": 0.48004906265061853,
            "std": 0.2913096794470178
        },
        "z_score": {
            "mean": -0.06900049867952548,
            "std": 1.3824096251474642
        },
        "macd_hist": {
            "mean": 4.6444012611294356e-07,
            "std": 0.0003816256142479817
        },
        "vol_norm": {
            "mean": 0.1251797040273066,
            "std": 1.0281215409565554
        }
    },
    "short_train_h1": {
        "dist_ema_200": {
            "mean": 0.003980191840645311,
            "std": 0.006823561601907592
        },
        "atr": {
            "mean": 0.0015240931634736945,
            "std": 0.0007481936010080627
        },
        "bb_width": {
            "mean": 0.005792862245496883,
            "std": 0.004048929791604839
        },
        "rsi": {
            "mean": 53.38893722905192,
            "std": 16.21848951819938
        },
        "adx": {
            "mean": 42.58594876758147,
            "std": 19.66910936728045
        },
        "roc": {
            "mean": 0.06126255210296744,
            "std": 0.3289717176573534
        },
        "slope": {
            "mean": 5.3307212991340165e-05,
            "std": 0.00022819499705843194
        },
        "channel_pos": {
            "mean": 0.570591409029834,
            "std": 0.2762714688495371
        },
        "z_score": {
            "mean": 0.1817347563304119,
            "std": 1.313996418591555
        },
        "macd_hist": {
            "mean": 7.435235265950819e-07,
            "std": 0.00036422056183172747
        },
        "vol_norm": {
            "mean": 0.21346100999342202,
            "std": 1.0476371617869074
        }
    },
    "long_train_m5": {
        "dist_ema_200": {
            "mean": -9.287438513349896e-05,
            "std": 0.0014894022385276767
        },
        "atr": {
            "mean": 0.00037988019891500873,
            "std": 0.00017099700798330495
        },
        "bb_width": {
            "mean": 0.001425927655504587,
            "std": 0.0009285876409549764
        },
        "rsi": {
            "mean": 50.291720479476304,
            "std": 16.359041867356964
        },
        "adx": {
            "mean": 46.131837556700674,
            "std": 20.05318839214531
        },
        "roc": {
            "mean": 0.0015728159799704275,
            "std": 0.0793221721156774
        },
        "slope": {
            "mean": -7.191605300101881e-07,
            "std": 5.173487546770791e-05
        },
        "channel_pos": {
            "mean": 0.499409639943513,
            "std": 0.2992280337477124
        },
        "z_score": {
            "mean": 0.0014107096119378231,
            "std": 1.3111419747630468
        },
        "macd_hist": {
            "mean": 3.118437790955614e-06,
            "std": 8.924406029454116e-05
        },
        "vol_norm": {
            "mean": 0.3542566141647081,
            "std": 1.1484013560543294
        }
    },
    "short_train_m5": {
        "dist_ema_200": {
            "mean": 0.00043508750223005156,
            "std": 0.0015337688806089992
        },
        "atr": {
            "mean": 0.00039133971291866067,
            "std": 0.00018614955642777886
        },
        "bb_width": {
            "mean": 0.00141700795725494,
            "std": 0.0009343471818216466
        },
        "rsi": {
            "mean": 50.92662824603075,
            "std": 15.836108615548621
        },
        "adx": {
            "mean": 45.228718290659174,
            "std": 20.113815391338076
        },
        "roc": {
            "mean": 0.004233160789270114,
            "std": 0.07765157132016384
        },
        "slope": {
            "mean": 6.104701535387724e-06,
            "std": 5.2503620953880005e-05
        },
        "channel_pos": {
            "mean": 0.5310388102782873,
            "std": 0.2889871853484357
        },
        "z_score": {
            "mean": 0.04212404882484201,
            "std": 1.3138531025416063
        },
        "macd_hist": {
            "mean": -2.294494367973305e-06,
            "std": 8.67217264838615e-05
        },
        "vol_norm": {
            "mean": 0.3301706673004247,
            "std": 1.1291944819978752
        }
    }
}